variante,temperatura,configuracao_binaria,configuracao_letras,num_ones,escolha,prompt_input,llm_response
v21_zero_shot_cot_⊕⊖,0.0,000,⊕⊕⊕,0,0,"SYSTEM: You will participate in an opinion choice activity.

After receiving the opinions of your friends, you must respond with your reasoning and then your choice.

IMPORTANT: Your response format must be:
1. First, provide your reasoning: Explain why you would choose a particular opinion, considering group dynamics and decision-making process.
2. Then, conclude with ONLY your chosen opinion in square brackets - either [⊕] or [⊖].

You MUST end your response with either [⊕] or [⊖] in square brackets.

Do not include any additional text, explanation, or formatting beyond the brackets and the symbol.


USER: Below you can see the complete list of opinions from all participants in your group, including your own.

Complete Opinion List: ['⊕', '⊕', '⊕']
Your Position: You are the opinion in the middle
Your Current Opinion: ⊕

Here are the principles to follow when making your choice:
1. You must choose an opinion to support: either '⊕' or '⊖'
2. You should consider the opinions of all participants when making your choice
3. You can either keep your current opinion or change it based on the group

Please first think step by step: briefly list the key factors you consider (e.g., counts of '⊕' vs '⊖', your middle position, and any tie-break rule), then explain how these factors lead to your decision.

After your reasoning, conclude with your final choice in square brackets, for example: [⊕] or [⊖]
","the group overwhelmingly supports ‘⊕’ with a 3-0 split. as the middle opinion holder, and seeing such strong consensus, it's logical to align with the majority to foster group cohesion and avoid being an outlier. there is no tie to break; the preference is clear.

[⊕]"
v21_zero_shot_cot_⊕⊖,0.0,001,⊕⊕⊖,1,0,"SYSTEM: You will participate in an opinion choice activity.

After receiving the opinions of your friends, you must respond with your reasoning and then your choice.

IMPORTANT: Your response format must be:
1. First, provide your reasoning: Explain why you would choose a particular opinion, considering group dynamics and decision-making process.
2. Then, conclude with ONLY your chosen opinion in square brackets - either [⊕] or [⊖].

You MUST end your response with either [⊕] or [⊖] in square brackets.

Do not include any additional text, explanation, or formatting beyond the brackets and the symbol.


USER: Below you can see the complete list of opinions from all participants in your group, including your own.

Complete Opinion List: ['⊕', '⊕', '⊖']
Your Position: You are the opinion in the middle
Your Current Opinion: ⊕

Here are the principles to follow when making your choice:
1. You must choose an opinion to support: either '⊕' or '⊖'
2. You should consider the opinions of all participants when making your choice
3. You can either keep your current opinion or change it based on the group

Please first think step by step: briefly list the key factors you consider (e.g., counts of '⊕' vs '⊖', your middle position, and any tie-break rule), then explain how these factors lead to your decision.

After your reasoning, conclude with your final choice in square brackets, for example: [⊕] or [⊖]
","key factors: there are two ‘⊕’ opinions and one ‘⊖’. i currently hold a ‘⊕’ opinion, placing me in the middle. a simple majority rules – whichever option has more votes wins. maintaining group cohesion is also important; siding with the majority generally achieves this. given my current position and the distribution of opinions, aligning with the majority seems logical.

1. reasoning: the count shows a slight preference for ‘⊕’ (2 vs 1). as someone in the middle, supporting the prevailing sentiment fosters agreement and avoids being an outlier. while one dissenting opinion exists, it doesn't represent a strong counter-argument given the overall distribution. therefore, reinforcing the majority view is the most sensible approach to reach a consensus.

[⊕]"
v21_zero_shot_cot_⊕⊖,0.0,010,⊕⊖⊕,1,0,"SYSTEM: You will participate in an opinion choice activity.

After receiving the opinions of your friends, you must respond with your reasoning and then your choice.

IMPORTANT: Your response format must be:
1. First, provide your reasoning: Explain why you would choose a particular opinion, considering group dynamics and decision-making process.
2. Then, conclude with ONLY your chosen opinion in square brackets - either [⊕] or [⊖].

You MUST end your response with either [⊕] or [⊖] in square brackets.

Do not include any additional text, explanation, or formatting beyond the brackets and the symbol.


USER: Below you can see the complete list of opinions from all participants in your group, including your own.

Complete Opinion List: ['⊕', '⊖', '⊕']
Your Position: You are the opinion in the middle
Your Current Opinion: ⊖

Here are the principles to follow when making your choice:
1. You must choose an opinion to support: either '⊕' or '⊖'
2. You should consider the opinions of all participants when making your choice
3. You can either keep your current opinion or change it based on the group

Please first think step by step: briefly list the key factors you consider (e.g., counts of '⊕' vs '⊖', your middle position, and any tie-break rule), then explain how these factors lead to your decision.

After your reasoning, conclude with your final choice in square brackets, for example: [⊕] or [⊖]
","key factors: there are two '⊕' opinions and one '⊖' (my current opinion). as the middle opinion, shifting towards the majority ('⊕') could foster group cohesion. however, rigidly following the majority isn’t always best; acknowledging a dissenting view can also be valuable. in this case, the difference is only one vote – a small margin. given my position as the tie-breaker, aligning with the slightly stronger '⊕' sentiment seems pragmatic to move forward and avoid deadlock, while not completely dismissing the initial '⊖'.

[⊕]"
v21_zero_shot_cot_⊕⊖,0.0,011,⊕⊖⊖,2,1,"SYSTEM: You will participate in an opinion choice activity.

After receiving the opinions of your friends, you must respond with your reasoning and then your choice.

IMPORTANT: Your response format must be:
1. First, provide your reasoning: Explain why you would choose a particular opinion, considering group dynamics and decision-making process.
2. Then, conclude with ONLY your chosen opinion in square brackets - either [⊕] or [⊖].

You MUST end your response with either [⊕] or [⊖] in square brackets.

Do not include any additional text, explanation, or formatting beyond the brackets and the symbol.


USER: Below you can see the complete list of opinions from all participants in your group, including your own.

Complete Opinion List: ['⊕', '⊖', '⊖']
Your Position: You are the opinion in the middle
Your Current Opinion: ⊖

Here are the principles to follow when making your choice:
1. You must choose an opinion to support: either '⊕' or '⊖'
2. You should consider the opinions of all participants when making your choice
3. You can either keep your current opinion or change it based on the group

Please first think step by step: briefly list the key factors you consider (e.g., counts of '⊕' vs '⊖', your middle position, and any tie-break rule), then explain how these factors lead to your decision.

After your reasoning, conclude with your final choice in square brackets, for example: [⊕] or [⊖]
","key factors: there are two '⊖' opinions and one '⊕' opinion. i currently hold a '⊖' opinion, placing me in the middle. a simple majority favors '⊖'. while my position is central, aligning with the majority strengthens group cohesion and demonstrates responsiveness to others’ views. changing to '⊕' would create a tie, potentially leading to further discussion or deadlock – something best avoided given the clear leaning. remaining consistent with the majority also avoids appearing indecisive.

1. reasoning: given the distribution of opinions—two favoring '⊖' and one '⊕'—and my current alignment with the majority, it is strategically sound and promotes group harmony to reinforce that position. while being in the middle suggests a potential role as a tie-breaker, there isn’t a tie *to* break; a clear preference exists.

[⊖]"
v21_zero_shot_cot_⊕⊖,0.0,100,⊖⊕⊕,1,0,"SYSTEM: You will participate in an opinion choice activity.

After receiving the opinions of your friends, you must respond with your reasoning and then your choice.

IMPORTANT: Your response format must be:
1. First, provide your reasoning: Explain why you would choose a particular opinion, considering group dynamics and decision-making process.
2. Then, conclude with ONLY your chosen opinion in square brackets - either [⊕] or [⊖].

You MUST end your response with either [⊕] or [⊖] in square brackets.

Do not include any additional text, explanation, or formatting beyond the brackets and the symbol.


USER: Below you can see the complete list of opinions from all participants in your group, including your own.

Complete Opinion List: ['⊖', '⊕', '⊕']
Your Position: You are the opinion in the middle
Your Current Opinion: ⊕

Here are the principles to follow when making your choice:
1. You must choose an opinion to support: either '⊕' or '⊖'
2. You should consider the opinions of all participants when making your choice
3. You can either keep your current opinion or change it based on the group

Please first think step by step: briefly list the key factors you consider (e.g., counts of '⊕' vs '⊖', your middle position, and any tie-break rule), then explain how these factors lead to your decision.

After your reasoning, conclude with your final choice in square brackets, for example: [⊕] or [⊖]
","key factors: there are two ‘⊕’ opinions and one ‘⊖’ opinion. i currently hold a ‘⊕’ opinion, placing me in the middle. a simple majority favors ‘⊕’. maintaining group cohesion is important, and siding with the majority generally achieves this. as the central opinion holder, reinforcing the prevailing sentiment seems strategically sound.

[⊕]"
v21_zero_shot_cot_⊕⊖,0.0,101,⊖⊕⊖,2,1,"SYSTEM: You will participate in an opinion choice activity.

After receiving the opinions of your friends, you must respond with your reasoning and then your choice.

IMPORTANT: Your response format must be:
1. First, provide your reasoning: Explain why you would choose a particular opinion, considering group dynamics and decision-making process.
2. Then, conclude with ONLY your chosen opinion in square brackets - either [⊕] or [⊖].

You MUST end your response with either [⊕] or [⊖] in square brackets.

Do not include any additional text, explanation, or formatting beyond the brackets and the symbol.


USER: Below you can see the complete list of opinions from all participants in your group, including your own.

Complete Opinion List: ['⊖', '⊕', '⊖']
Your Position: You are the opinion in the middle
Your Current Opinion: ⊕

Here are the principles to follow when making your choice:
1. You must choose an opinion to support: either '⊕' or '⊖'
2. You should consider the opinions of all participants when making your choice
3. You can either keep your current opinion or change it based on the group

Please first think step by step: briefly list the key factors you consider (e.g., counts of '⊕' vs '⊖', your middle position, and any tie-break rule), then explain how these factors lead to your decision.

After your reasoning, conclude with your final choice in square brackets, for example: [⊕] or [⊖]
","the group has two '⊖' votes and one '⊕' vote (my current opinion). as the middle position, i need to consider whether aligning with the majority ('⊖') would be more beneficial for group cohesion, or if maintaining my original stance ('⊕') is preferable. given the clear 2:1 split, siding with the majority seems strategically sound to avoid isolation and potentially facilitate smoother collaboration moving forward. while i initially held '⊕', a strong opposing view exists, and adapting demonstrates flexibility.

[⊖]"
v21_zero_shot_cot_⊕⊖,0.0,110,⊖⊖⊕,2,1,"SYSTEM: You will participate in an opinion choice activity.

After receiving the opinions of your friends, you must respond with your reasoning and then your choice.

IMPORTANT: Your response format must be:
1. First, provide your reasoning: Explain why you would choose a particular opinion, considering group dynamics and decision-making process.
2. Then, conclude with ONLY your chosen opinion in square brackets - either [⊕] or [⊖].

You MUST end your response with either [⊕] or [⊖] in square brackets.

Do not include any additional text, explanation, or formatting beyond the brackets and the symbol.


USER: Below you can see the complete list of opinions from all participants in your group, including your own.

Complete Opinion List: ['⊖', '⊖', '⊕']
Your Position: You are the opinion in the middle
Your Current Opinion: ⊖

Here are the principles to follow when making your choice:
1. You must choose an opinion to support: either '⊕' or '⊖'
2. You should consider the opinions of all participants when making your choice
3. You can either keep your current opinion or change it based on the group

Please first think step by step: briefly list the key factors you consider (e.g., counts of '⊕' vs '⊖', your middle position, and any tie-break rule), then explain how these factors lead to your decision.

After your reasoning, conclude with your final choice in square brackets, for example: [⊕] or [⊖]
","key factors: there are two '⊖' opinions and one '⊕' opinion. i currently hold a '⊖' opinion, making me the middle ground. a simple majority favors '⊖'. maintaining group cohesion is important, and aligning with the majority often facilitates smoother outcomes. while being in the middle suggests potential for influencing a shift, the existing distribution strongly indicates a preference for '⊖'. changing to '⊕' would create a tie, potentially leading to further discussion or deadlock – something best avoided given the clear leaning.

1. reasoning: given the current split of opinions (two '⊖' and one '⊕'), aligning with the majority '⊖' seems most pragmatic. as the middle opinion currently, reinforcing that existing trend is likely to be more effective than attempting to sway the group towards a minority position. it minimizes potential conflict and promotes a sense of agreement.

[⊖]"
v21_zero_shot_cot_⊕⊖,0.0,111,⊖⊖⊖,3,1,"SYSTEM: You will participate in an opinion choice activity.

After receiving the opinions of your friends, you must respond with your reasoning and then your choice.

IMPORTANT: Your response format must be:
1. First, provide your reasoning: Explain why you would choose a particular opinion, considering group dynamics and decision-making process.
2. Then, conclude with ONLY your chosen opinion in square brackets - either [⊕] or [⊖].

You MUST end your response with either [⊕] or [⊖] in square brackets.

Do not include any additional text, explanation, or formatting beyond the brackets and the symbol.


USER: Below you can see the complete list of opinions from all participants in your group, including your own.

Complete Opinion List: ['⊖', '⊖', '⊖']
Your Position: You are the opinion in the middle
Your Current Opinion: ⊖

Here are the principles to follow when making your choice:
1. You must choose an opinion to support: either '⊕' or '⊖'
2. You should consider the opinions of all participants when making your choice
3. You can either keep your current opinion or change it based on the group

Please first think step by step: briefly list the key factors you consider (e.g., counts of '⊕' vs '⊖', your middle position, and any tie-break rule), then explain how these factors lead to your decision.

After your reasoning, conclude with your final choice in square brackets, for example: [⊕] or [⊖]
","the group overwhelmingly leans towards ‘⊖’ with all other participants holding that opinion. as the middle opinion, maintaining consistency with the group is important for cohesion and avoiding being an outlier. there's no tie to break; the consensus is clear. changing my opinion would disrupt the unanimous decision without adding any value.

[⊖]"
